region,year,asthma_rate_per100k,pm25,biomass_fuel_pct,data_source
BARMM,2013,7199.77695167405,14.709481,75.8,composite_2013
BARMM,2014,7290.119190607436,14.722514,79.51666666666667,interpolated
BARMM,2015,7334.730741529388,17.321379,83.23333333333333,interpolated
BARMM,2016,7340.489187228202,15.022738,86.95,interpolated
BARMM,2017,7336.63371231606,13.513163,90.66666666666667,real_2017
BARMM,2018,7327.236334430358,15.112575,90.15333333333334,interpolated
BARMM,2019,7316.747223593135,13.253559,89.64,interpolated
BARMM,2020,7309.112770383394,12.35299,89.12666666666667,interpolated
BARMM,2021,7316.702638080469,13.5529,88.61333333333333,interpolated
BARMM,2022,7326.996441872916,15.47805,88.1,real_2022
CAR,2013,7374.162078411835,14.525847,69.18560000000001,composite_2013
CAR,2014,7476.00312904171,14.021828,66.12253333333334,interpolated
CAR,2015,7525.590119449269,14.033639,63.05946666666667,interpolated
CAR,2016,7527.304565524409,13.636843,59.99640000000001,interpolated
CAR,2017,7515.2589034886,13.430938,56.93333333333334,real_2017
CAR,2018,7496.708885277502,14.05359,50.42666666666667,interpolated
CAR,2019,7478.687167828317,15.306977,43.92,interpolated
CAR,2020,7468.851874614794,13.590997,37.413333333333334,interpolated
CAR,2021,7485.757563342056,13.508479,30.906666666666666,interpolated
CAR,2022,7510.177402096063,13.923188,24.4,real_2022
NCR,2013,8775.45435426002,23.69277,38.7,composite_2013
NCR,2014,8857.13236865092,25.681744,30.025000000000002,interpolated
NCR,2015,8900.66186512467,24.73103,21.35,interpolated
NCR,2016,8908.29136858556,26.722162,12.675,interpolated
NCR,2017,8901.98486571772,22.564716,4.0,real_2017
NCR,2018,8886.098858557349,24.520508,3.44,interpolated
NCR,2019,8867.05674153916,30.654888,2.88,interpolated
NCR,2020,8850.4349054899,30.448298,2.3200000000000003,interpolated
NCR,2021,8854.7081400714,26.783203,1.7600000000000002,interpolated
NCR,2022,8859.471047409701,31.587173,1.2,real_2022
Region I,2013,7446.780492742688,16.000214,75.7152,composite_2013
Region I,2014,7537.216656068027,16.30951,69.48015,interpolated
Region I,2015,7581.1925074556575,15.451781,63.245099999999994,interpolated
Region I,2016,7583.368156607719,16.229641,57.01005,interpolated
Region I,2017,7573.523883253292,16.687716,50.775,real_2017
Region I,2018,7556.803534510677,14.314774,49.22,interpolated
Region I,2019,7539.907575964605,16.628056,47.665,interpolated
Region I,2020,7529.565712000058,14.634796,46.11,interpolated
Region I,2021,7544.205938100417,14.345316,44.555,interpolated
Region I,2022,7563.949675041815,15.88438,43.0,real_2022
Region II,2013,7329.076088598762,11.683477,76.1392,composite_2013
Region II,2014,7426.932387416773,13.2136,73.07315,interpolated
Region II,2015,7474.933005555044,12.17592,70.00710000000001,interpolated
Region II,2016,7476.901951087549,12.411015,66.94105,interpolated
Region II,2017,7464.2496359112465,13.363348,63.875,real_2017
Region II,2018,7443.362488187593,12.300357,60.78,interpolated
Region II,2019,7421.453041581478,12.702661,57.685,interpolated
Region II,2020,7406.291485302756,12.371663,54.59,interpolated
Region II,2021,7425.170556984815,12.4439945,51.495,interpolated
Region II,2022,7451.778024867155,12.057312,48.4,real_2022
Region III,2013,7415.168192868454,14.365173,59.179199999999994,composite_2013
Region III,2014,7507.672524681907,15.713983,53.130828571428566,interpolated
Region III,2015,7554.542147597968,16.311563,47.08245714285714,interpolated
Region III,2016,7558.858621472536,15.49025,41.034085714285716,interpolated
Region III,2017,7548.323116608054,17.510162,34.98571428571429,real_2017
Region III,2018,7528.733019967037,14.416021,30.68857142857143,interpolated
Region III,2019,7508.049705845963,14.871601,26.391428571428573,interpolated
Region III,2020,7494.038431351263,15.508487,22.094285714285718,interpolated
Region III,2021,7513.646610232495,15.039597,17.79714285714286,interpolated
Region III,2022,7539.05162590069,15.607844,13.5,real_2022
Region IV-A,2013,7428.797327313759,14.206729,55.40559999999999,composite_2013
Region IV-A,2014,7527.828917388157,14.976756,48.834199999999996,interpolated
Region IV-A,2015,7581.569331195567,16.66124,42.2628,interpolated
Region IV-A,2016,7596.202404643144,14.956944,35.691399999999994,interpolated
Region IV-A,2017,7600.304999131899,16.279793,29.119999999999997,real_2017
Region IV-A,2018,7596.279742192006,14.319014,26.395999999999997,interpolated
Region IV-A,2019,7589.000023585196,15.793301,23.671999999999997,interpolated
Region IV-A,2020,7582.925797944867,15.102027,20.948,interpolated
Region IV-A,2021,7595.533832775986,14.599607,18.224,interpolated
Region IV-A,2022,7610.045957617775,15.633523,15.5,real_2022
Region IV-B,2013,7184.824368376217,12.61208,71.56,composite_2013
Region IV-B,2014,7290.395571501411,12.67983,73.285,interpolated
Region IV-B,2015,7345.878694121379,12.608072,75.01,interpolated
Region IV-B,2016,7355.946405970952,11.149527,76.73500000000001,interpolated
Region IV-B,2017,7352.591016825626,11.057149,78.46000000000001,real_2017
Region IV-B,2018,7339.966567043727,11.749571,76.94800000000001,interpolated
Region IV-B,2019,7324.1581829377565,13.134948,75.436,interpolated
Region IV-B,2020,7311.664082874997,11.962126,73.924,interpolated
Region IV-B,2021,7321.716500275742,11.920432,72.412,interpolated
Region IV-B,2022,7338.608306099032,12.919474,70.9,real_2022
Region IX,2013,7257.929455596084,14.473359,66.6416,composite_2013
Region IX,2014,7349.785915539146,15.140581,71.68953333333333,interpolated
Region IX,2015,7397.421184864296,14.548189,76.73746666666666,interpolated
Region IX,2016,7406.450682230837,12.565103,81.7854,interpolated
Region IX,2017,7405.3367822201,12.626498,86.83333333333333,real_2017
Region IX,2018,7398.016957453997,14.106626,85.58666666666666,interpolated
Region IX,2019,7389.084482610367,12.495613,84.33999999999999,interpolated
Region IX,2020,7382.871669563553,10.4591255,83.09333333333333,interpolated
Region IX,2021,7401.26139730636,11.959798,81.84666666666666,interpolated
Region IX,2022,7421.056110042014,15.467205,80.6,real_2022
Region V,2013,7176.18708773683,12.01901,74.57039999999999,composite_2013
Region V,2014,7272.587715835655,12.610391,74.39446666666666,interpolated
Region V,2015,7320.900040047755,13.487049,74.21853333333334,interpolated
Region V,2016,7325.937279847035,10.695949,74.04260000000001,interpolated
Region V,2017,7319.193695434388,11.54687,73.86666666666667,real_2017
Region V,2018,7305.882968939915,11.65651,71.79333333333334,interpolated
Region V,2019,7292.140305146284,13.92081,69.72,interpolated
Region V,2020,7284.42034140236,11.533955,67.64666666666668,interpolated
Region V,2021,7309.364724440599,11.306577,65.57333333333334,interpolated
Region V,2022,7339.359164773384,12.418019,63.5,real_2022
Region VI,2013,7345.330656187242,14.335128,66.1752,composite_2013
Region VI,2014,7446.359317840055,15.440964,71.07306666666668,interpolated
Region VI,2015,7499.94887380112,16.225225,75.97093333333333,interpolated
Region VI,2016,7510.210759264773,13.783962,80.8688,interpolated
Region VI,2017,7506.686417619884,14.8868475,85.76666666666667,real_2017
Region VI,2018,7493.28147849847,13.158613,82.89333333333333,interpolated
Region VI,2019,7476.734564726773,15.619741,80.02,interpolated
Region VI,2020,7464.788483684523,14.535312,77.14666666666668,interpolated
Region VI,2021,7483.827154027593,15.035101,74.27333333333334,interpolated
Region VI,2022,7512.293768394535,16.564726,71.4,real_2022
Region VII,2013,7266.955780339797,15.590881,62.232,composite_2013
Region VII,2014,7364.961084192115,16.355497,65.774,interpolated
Region VII,2015,7414.245741343295,16.114704,69.316,interpolated
Region VII,2016,7421.454803415375,13.905567,72.858,interpolated
Region VII,2017,7417.996537336458,14.461564,76.4,real_2017
Region VII,2018,7407.330833639322,13.666978,70.04,interpolated
Region VII,2019,7394.45795291573,16.144978,63.68000000000001,interpolated
Region VII,2020,7384.877262612627,14.465497,57.32,interpolated
Region VII,2021,7405.811636317442,15.092706,50.96,interpolated
Region VII,2022,7431.496085558467,16.831034,44.6,real_2022
Region VIII,2013,7014.454128668315,11.864539,77.4112,composite_2013
Region VIII,2014,7111.405222792776,14.463006,77.44173333333333,interpolated
Region VIII,2015,7162.890589978797,13.110632,77.47226666666666,interpolated
Region VIII,2016,7173.154668029521,9.990697,77.5028,interpolated
Region VIII,2017,7172.2196549095415,10.646852,77.53333333333333,real_2017
Region VIII,2018,7164.995841967665,12.556843,73.10666666666667,interpolated
Region VIII,2019,7157.475373344463,13.518981,68.67999999999999,interpolated
Region VIII,2020,7155.463974966285,10.411831,64.25333333333333,interpolated
Region VIII,2021,7184.505206590492,11.931639,59.82666666666667,interpolated
Region VIII,2022,7217.581685019435,12.079433,55.4,real_2022
Region X,2013,7277.830664394004,12.808022,63.292,composite_2013
Region X,2014,7373.642812916699,14.315132,67.514,interpolated
Region X,2015,7422.5960075196,16.793947,71.73599999999999,interpolated
Region X,2016,7429.926740770106,14.518221,75.958,interpolated
Region X,2017,7425.881684390983,13.701519,80.17999999999999,real_2017
Region X,2018,7415.091610268673,15.898725,77.904,interpolated
Region X,2019,7402.823412900034,13.038727,75.628,interpolated
Region X,2020,7394.629197121457,12.569688,73.35199999999999,interpolated
Region X,2021,7413.156221346884,13.936402,71.076,interpolated
Region X,2022,7435.068720994927,15.65348,68.8,real_2022
Region XI,2013,7201.09042608372,14.48442,55.872,composite_2013
Region XI,2014,7290.539215070484,16.316341,61.247749999999996,interpolated
Region XI,2015,7338.406169634429,15.328872,66.6235,interpolated
Region XI,2016,7350.36214372847,12.835736,71.99925,interpolated
Region XI,2017,7353.308845921798,12.77151,77.375,real_2017
Region XI,2018,7349.4497212098,15.953095,72.94,interpolated
Region XI,2019,7342.2033997417075,14.2032995,68.505,interpolated
Region XI,2020,7335.105307420468,9.759949,64.07,interpolated
Region XI,2021,7341.716496901249,14.03994,59.635000000000005,interpolated
Region XI,2022,7350.935381863787,15.532371,55.2,real_2022
Region XII,2013,7284.41656428608,14.096073,61.3416,composite_2013
Region XII,2014,7377.904081862113,14.854753,67.9062,interpolated
Region XII,2015,7426.259980446197,17.477602,74.4708,interpolated
Region XII,2016,7434.265199734832,14.529189,81.0354,interpolated
Region XII,2017,7431.293576712105,14.486629,87.6,real_2017
Region XII,2018,7422.094133806792,16.788147,84.64,interpolated
Region XII,2019,7412.22934494654,13.763752,81.67999999999999,interpolated
Region XII,2020,7407.260615976687,12.540402,78.72,interpolated
Region XII,2021,7435.505234192316,14.517973,75.75999999999999,interpolated
Region XII,2022,7469.559183136202,15.251545,72.8,real_2022
Region XIII,2013,7125.65063521211,12.482736,69.3552,composite_2013
Region XIII,2014,7222.857420967603,15.11832,71.87639999999999,interpolated
Region XIII,2015,7272.972502152489,14.6429615,74.3976,interpolated
Region XIII,2016,7281.501361725675,11.080706,76.9188,interpolated
Region XIII,2017,7278.557482649705,11.37738,79.44,real_2017
Region XIII,2018,7268.749596585442,14.102243,77.05199999999999,interpolated
Region XIII,2019,7257.195042593716,14.149572,74.664,interpolated
Region XIII,2020,7249.036746484145,9.651189,72.276,interpolated
Region XIII,2021,7263.869963718804,12.631905,69.888,interpolated
Region XIII,2022,7282.618800509583,14.492586,67.5,real_2022
