region,year,lri_incidence_rate_per100k
BARMM,2013,2196.799171363366
BARMM,2014,2157.910819874518
BARMM,2015,2106.484169545264
BARMM,2016,2000.4852504765818
BARMM,2017,1830.642563793662
BARMM,2018,1646.216458678588
BARMM,2019,1496.80279552969
BARMM,2020,1431.013500897814
BARMM,2021,1603.992189191234
BARMM,2022,1773.744564833842
CAR,2013,2377.9876922973217
CAR,2014,2288.9802647986185
CAR,2015,2191.1945674941085
CAR,2016,2041.5890454942366
CAR,2017,1832.9429531700368
CAR,2018,1618.5977099662384
CAR,2019,1450.6060520520166
CAR,2020,1380.4857643920502
CAR,2021,1517.4934966223266
CAR,2022,1657.3731160936684
NCR,2013,2502.5959431587303
NCR,2014,2396.4628946503303
NCR,2015,2285.40251607233
NCR,2016,2138.24990515665
NCR,2017,1949.25230213407
NCR,2018,1759.0951884652502
NCR,2019,1610.94738183219
NCR,2020,1546.74135175208
NCR,2021,1703.4279455914798
NCR,2022,1854.37145404666
Region I,2013,2344.6798547265776
Region I,2014,2267.187290193645
Region I,2015,2175.20245108667
Region I,2016,2030.2397122231475
Region I,2017,1831.5379816550376
Region I,2018,1627.7372212864425
Region I,2019,1468.0366332809526
Region I,2020,1400.36267158682
Region I,2021,1583.2293571950174
Region I,2022,1768.8750632600952
Region II,2013,2512.430343867064
Region II,2014,2438.226472362
Region II,2015,2350.062771585452
Region II,2016,2210.035249999596
Region II,2017,2016.5075329611561
Region II,2018,1817.289510268242
Region II,2019,1660.2349625333322
Region II,2020,1592.266134959252
Region II,2021,1768.2005121074478
Region II,2022,1944.8425604024383
Region III,2013,2032.4207204549314
Region III,2014,1967.5234202843344
Region III,2015,1892.3175933061286
Region III,2016,1769.6051619929483
Region III,2017,1593.6747929370172
Region III,2018,1409.11867306196
Region III,2019,1262.2553473332684
Region III,2020,1198.1327099094972
Region III,2021,1333.604125377593
Region III,2022,1467.362797075413
Region IV-A,2013,1918.549116996946
Region IV-A,2014,1851.1530163923842
Region IV-A,2015,1774.5695035732838
Region IV-A,2016,1661.487648180974
Region IV-A,2017,1510.013578754246
Region IV-A,2018,1355.040486690788
Region IV-A,2019,1233.5075483014039
Region IV-A,2020,1181.298664665712
Region IV-A,2021,1330.5911522002739
Region IV-A,2022,1477.625233808582
Region IV-B,2013,2213.047022744494
Region IV-B,2014,2144.080051980748
Region IV-B,2015,2066.485366184802
Region IV-B,2016,1944.1591032185759
Region IV-B,2017,1772.074429292256
Region IV-B,2018,1592.211866918302
Region IV-B,2019,1448.2841475502742
Region IV-B,2020,1383.383215506818
Region IV-B,2021,1585.752889545544
Region IV-B,2022,1787.904311919688
Region IX,2013,2096.4194317829665
Region IX,2014,2051.1137483597936
Region IX,2015,1993.2178580203333
Region IX,2016,1883.07222431085
Region IX,2017,1715.7552246994235
Region IX,2018,1537.2346423967936
Region IX,2019,1394.0120445041866
Region IX,2020,1331.7207458636467
Region IX,2021,1489.8125216230767
Region IX,2022,1646.5154202931435
Region V,2013,2289.3779327084053
Region V,2014,2220.894617255045
Region V,2015,2146.652500573355
Region V,2016,2024.3029562436116
Region V,2017,1843.6875476951448
Region V,2018,1651.9908168541817
Region V,2019,1498.0802117762216
Region V,2020,1431.2271448145266
Region V,2021,1574.6428373618983
Region V,2022,1718.2878614251915
Region VI,2013,2443.946465725838
Region VI,2014,2375.2159618461433
Region VI,2015,2296.553520901108
Region VI,2016,2158.208786407768
Region VI,2017,1949.3849709246867
Region VI,2018,1725.5559387873618
Region VI,2019,1545.8368585620453
Region VI,2020,1468.0660561589618
Region VI,2021,1630.47886377877
Region VI,2022,1794.3605795781684
Region VII,2013,2235.53999937795
Region VII,2014,2151.425303714833
Region VII,2015,2059.9019040337803
Region VII,2016,1926.7983416980626
Region VII,2017,1746.0992305402974
Region VII,2018,1559.7799365506048
Region VII,2019,1412.2682336702
Region VII,2020,1348.1108898102675
Region VII,2021,1480.4936483497124
Region VII,2022,1611.6530022570225
Region VIII,2013,2523.795026108967
Region VIII,2014,2434.8726741575115
Region VIII,2015,2339.070135033965
Region VIII,2016,2196.3171702091768
Region VIII,2017,2001.2148087589615
Region VIII,2018,1801.26734433655
Region VIII,2019,1645.130149839385
Region VIII,2020,1581.1919086784549
Region VIII,2021,1797.5677983544767
Region VIII,2022,2014.957068452735
Region X,2013,2189.652600519
Region X,2014,2126.500314216486
Region X,2015,2053.41646736941
Region X,2016,1928.4313482743642
Region X,2017,1744.669011614642
Region X,2018,1550.6397418995662
Region X,2019,1395.719439402074
Region X,2020,1329.20266051695
Region X,2021,1473.552023419442
Region X,2022,1616.858762612422
Region XI,2013,2463.2797083929318
Region XI,2014,2391.186110605368
Region XI,2015,2310.174347668812
Region XI,2016,2177.4515120703
Region XI,2017,1983.4871294665259
Region XI,2018,1778.761590558094
Region XI,2019,1615.081661890604
Region XI,2020,1542.847439298688
Region XI,2021,1726.9195097691259
Region XI,2022,1909.963097821858
Region XII,2013,2182.4418472485277
Region XII,2014,2133.63851139862
Region XII,2015,2073.7819123681275
Region XII,2016,1961.5684727282476
Region XII,2017,1790.29887420878
Region XII,2018,1607.3817938729198
Region XII,2019,1460.8654543698176
Region XII,2020,1398.02821301236
Region XII,2021,1584.7064684891325
Region XII,2022,1771.0422308109225
Region XIII,2013,2413.941152025398
Region XIII,2014,2316.381188121002
Region XIII,2015,2216.427223173908
Region XIII,2016,2077.19129600166
Region XIII,2017,1886.319196974952
Region XIII,2018,1689.865062022458
Region XIII,2019,1534.7882511738298
Region XIII,2020,1467.4461839366882
Region XIII,2021,1607.58042082987
Region XIII,2022,1747.0344864353622
